{"loss": 0.2613033056259155, "accuracy": 0.9067999720573425}